region;miles_per_gallon;cylindres;engince_size_ccm;break_horse_power;weight;acceleration
America_70er;16.37288136;6.983050847;296.8898305;143.1864407;3627.745763;13.37288136
Europe_70er;25.07142857;4;105.2857143;80.35714286;2322;17.35714286
Japan_70er;26.36363636;3.909090909;96.36363636;88.09090909;2158.909091;15.63636364
America_80er;28.46578947;4.526315789;151.8947368;86.42105263;2673.868421;16.44473684
Europe_80er;35.88461538;4.230769231;111.2307692;68.46153846;2460.538462;18.62307692
Japan_80er;34.40294118;4.147058824;105.4117647;77.38235294;2241.147059;16.02647059
